trimestre,abonnements,source_id,precision_publication_abonnements
2020-Q1,2320000,basicfit-rapport-2021,10000
2020-Q2,2170000,basicfit-rapport-2021,10000
2020-Q3,2250000,basicfit-rapport-2021,10000
2020-Q4,2000000,basicfit-rapport-2021,10000
2021-Q1,1800000,basicfit-rapport-2022,10000
2021-Q2,2010000,basicfit-rapport-2022,10000
2021-Q3,2210000,basicfit-rapport-2022,10000
2021-Q4,2220000,basicfit-rapport-2022,10000
2022-Q1,2630000,basicfit-rapport-2022,10000
2022-Q2,2920000,basicfit-rapport-2022,10000
2022-Q3,3150000,basicfit-rapport-2022,10000
2022-Q4,3350000,basicfit-rapport-2022,10000
2023-Q1,3600000,basicfit-rapport-2024,10000
2023-Q2,3610000,basicfit-rapport-2024,10000
2023-Q3,3710000,basicfit-rapport-2024,10000
2023-Q4,3800000,basicfit-rapport-2024,10000
2024-Q1,4050000,basicfit-rapport-2025,10000
2024-Q2,4090000,basicfit-rapport-2025,10000
2024-Q3,4200000,basicfit-rapport-2025,10000
2024-Q4,4250000,basicfit-rapport-2025,10000
2025-Q1,4470000,basicfit-rapport-2025,10000
2025-Q2,4510000,basicfit-rapport-2025,10000
2025-Q3,4730000,basicfit-rapport-2025,10000
2025-Q4,4820000,basicfit-rapport-2025,10000
