trimestre,abonnes_professionnels,revenu_trimestriel_millions_usd,consommateurs_24m_millions,qualificatif_consommateurs,source_url,rupture
2015-Q2,45665,24.8,25,gt,https://www.mindbodyonline.com/company/press/mindbody-reports-second-quarter-2015-financial-results,
2015-Q3,48650,26.1,27,gt,https://www.mindbodyonline.com/company/press/mindbody-reports-third-quarter-2015-financial-results,
2015-Q4,51481,28.3,28,approx,https://www.mindbodyonline.com/company/press/mindbody-reports-fourth-quarter-and-full-year-2015-financial-results,
2016-Q1,53603,32,29,gt,https://www.mindbodyonline.com/company/press/mindbody-reports-first-quarter-2016-financial-results,
2016-Q2,55771,33.6,31,approx,https://www.mindbodyonline.com/company/press/mindbody-reports-second-quarter-2016-financial-results,
2016-Q3,58566,35.3,35,approx,https://www.mindbodyonline.com/company/press/mindbody-reports-third-quarter-2016-financial-results,
2016-Q4,60385,38.2,,,https://www.mindbodyonline.com/company/press/mindbody-reports-fourth-quarter-and-full-year-2016-financial-results,
2017-Q1,59919,42.2,,,https://www.mindbodyonline.com/company/press/mindbody-reports-first-quarter-2017-financial-results,recentrage_tarifs_et_offre_Solo
2017-Q2,59345,44.1,,,https://www.mindbodyonline.com/company/press/mindbody-reports-second-quarter-2017-financial-results,
2017-Q3,59028,46.6,,,https://www.mindbodyonline.com/company/press/mindbody-reports-third-quarter-2017-financial-results,
2017-Q4,58584,49.7,,,https://www.mindbodyonline.com/company/press/mindbody-reports-fourth-quarter-and-full-year-2017-financial-results,
2018-Q1,57909,53.8,43,approx,https://www.mindbodyonline.com/company/press/mindbody-reports-first-quarter-2018-financial-results,acquisition_FitMetrix
2018-Q2,68142,61.6,,,https://www.mindbodyonline.com/company/press/mindbody-reports-second-quarter-2018-financial-results,acquisition_Booker
2018-Q3,67364,63.8,58,approx,https://www.mindbodyonline.com/company/press/mindbody-reports-third-quarter-2018-financial-results,
